Rows,Unknown0,Unknown1
0,8,[1]
1,46,[0]
2,78,[0]
3,126,[0]
4,184,[0]
5,216,[0]
6,258,[1]
7,294,[1]
8,340,[1]
9,400,[0]
10,438,[1]
11,554,[0]
12,596,[0]
13,652,[1]
14,692,[1]
15,748,[]
16,806,[1]
17,836,[1]
18,876,[1]
19,924,[1]
20,982,[]
21,1018,[]
22,1070,[2]
23,1100,[2]
24,1140,[2]
25,1188,[2]
26,1246,[6]
27,1290,[4]
28,1330,[5]
29,1370,[]
30,1422,[1]
31,1474,[]
32,1498,[5]
33,1570,[1]
34,1648,[1]
35,1756,[1]
36,1880,[1]
37,2002,[1]
38,2092,[1]
39,2156,[]
40,2214,[2]
41,2264,[2]
42,2332,[1]
43,2370,[1]
44,2418,[1]
45,2488,[1]
46,2568,[1]
47,2664,[1]
48,2772,[]
49,2862,[1]
50,2956,[1]
51,3018,[1]
52,3092,[1]
53,3164,[1]
54,3250,[1]
55,3332,[1]
56,3412,[1]
57,3506,[1]
58,3562,[1]
59,3630,[1]
60,3700,[]
61,3756,[2]
62,3802,[2]
63,3862,[1]
64,3922,[1]
65,3996,[5]
66,4048,[5]
67,4102,[5]
68,4152,[5]
69,4204,[1]
70,4252,[1]
71,4314,[1]
72,4366,[]
73,4424,[]
74,4478,[]
75,4526,[0]
76,4572,[]
77,4638,[0]
78,4682,[0]
79,4726,[5]
80,4786,[]
81,4810,[1]
82,4876,[0]
83,4912,[0]
84,4952,[0]
85,4992,[0]
86,5042,[2]
87,5082,[]
88,5118,[]
89,5164,[]
90,5216,[]
91,5262,[]
92,5302,[2]
93,5346,[]
94,5396,[6]
95,5458,[5]
96,5516,[5]
97,5586,[5]
98,5632,[1]
99,5684,[1]
100,5740,[1]
101,5810,[1]
102,5862,[1]
103,5918,[1]
104,5988,[1]
105,6050,[1]
106,6116,[1]
107,6196,[1]
108,6248,[1]
109,6314,[1]
110,6356,[1]
111,6412,[6]
112,6464,[]
113,6510,[]
114,6564,[]
115,6628,[]
116,6696,[]
117,6768,[]
118,6828,[2]
119,6892,[]
120,6962,[2]
121,7026,[2]
122,7080,[1]
123,7142,[0]
124,7198,[1]
125,7250,[]
126,7324,[]
127,7398,[]
128,7472,[4]
129,7514,[2]
130,7574,[1]
131,7636,[]
132,7660,[]
133,7688,[]
134,7714,[]
135,7744,[]
136,7770,[]
137,7794,[]
138,7822,[]
139,7848,[1]
140,7890,[0]
141,7950,[0]
142,8030,[0]
143,8076,[0]
144,8132,[1]
145,8218,[0]
146,8284,[1]
147,8352,[2]
148,8408,[2]
149,8478,[0]
150,8552,[0]
151,8622,[0]
152,8688,[1]
153,8748,[0]
154,8806,[0]
155,8864,[0]
156,8922,[]
157,8954,[2]
158,9002,[2]
159,9054,[0]
160,9106,[0]
161,9170,[1]
162,9236,[1]
163,9304,[1]
164,9382,[1]
165,9462,[1]
166,9540,[1]
167,9616,[1]
168,9688,[1]
169,9778,[1]
170,9850,[1]
171,9940,[0]
172,10012,[0]
173,10058,[2]
174,10116,[2]
175,10178,[2]
176,10244,[2]
177,10294,[0]
178,10358,[0]
179,10402,[1]
180,10464,[2]
181,10534,[8]
182,10614,[]
183,10660,[]
184,10704,[6]
185,10770,[6]
186,10836,[]
187,10908,[]
188,10980,[]
189,11062,[5]
190,11134,[]
191,11212,[]
192,11294,[]
193,11362,[]
194,11428,[0]
195,11488,[0]
196,11548,[]
197,11588,[6]
198,11666,[6]
199,11744,[6]
200,11832,[2]
201,11912,[6]
202,12002,[6]
203,12082,[6]
204,12162,[6]
205,12238,[6]
206,12320,[6]
207,12390,[6]
208,12462,[6]
209,12548,[]
210,12602,[]
211,12658,[]
212,12708,[]
213,12756,[]
214,12810,[]
215,12846,[]
216,12890,[]
217,12930,[]
218,12980,[]
219,13036,[]
220,13090,[]
221,13146,[]
222,13208,[]
223,13270,[]
224,13342,[0]
225,13392,[0]
226,13458,[1]
227,13486,[6]
228,13534,[1]
229,13564,[6]
230,13614,[1]
231,13650,[2]
232,13688,[1]
233,13734,[1]
234,13810,[1]
235,13866,[]
236,13898,[6]
237,13950,[6]
238,13988,[6]
239,14060,[0]
240,14098,[7]
241,14130,[7]
242,14174,[5]
243,14226,[4]
244,14260,[7]
245,14318,[7]
246,14370,[6]
247,14400,[]
248,14436,[6]
249,14500,[7]
250,14536,[]
251,14586,[]
252,14658,[]
253,14730,[]
254,14812,[]
255,14886,[5]
256,14918,[]
257,14942,[6]
258,14988,[6]
259,15020,[]
260,15046,[5]
261,15086,[5]
262,15118,[6]
263,15154,[]
264,15200,[7]
265,15242,[6]
266,15302,[7]
267,15356,[]
268,15410,[]
269,15478,[]
270,15528,[]
271,15558,[]
272,15606,[]
273,15638,[]
274,15686,[1]
275,15750,[1]
276,15804,[1]
277,15870,[1]
278,15954,[1]
279,16048,[1]
280,16132,[1]
281,16228,[1]
282,16342,[0]
283,16416,[0]
284,16482,[0]
285,16546,[0]
286,16608,[0]
287,16662,[0]
288,16724,[0]
289,16778,[]
290,16824,[]
291,16858,[]
292,16902,[]
293,16936,[]
294,16992,[]
295,17078,[]
296,17146,[]
297,17212,[]
298,17274,[]
299,17334,[]
300,17402,[]
301,17484,[5]
302,17540,[7]
303,17572,[8]
304,17608,[6]
305,17656,[0]
306,17706,[]
307,17756,[7]
308,17796,[8]
309,17844,[6]
310,17910,[6]
311,17970,[5]
312,18032,[5]
313,18076,[5]
314,18138,[7]
315,18188,[5]
316,18250,[5]
317,18314,[7]
318,18368,[4]
319,18426,[4]
320,18498,[5]
321,18552,[5]
322,18602,[5]
323,18650,[8]
324,18676,[]
325,18714,[5]
326,18776,[6]
327,18860,[6]
328,18906,[4]
329,18974,[5]
330,19032,[]
331,19088,[]
332,19156,[6]
333,19226,[]
334,19244,[]
335,19284,[]
336,19330,[]
337,19376,[]
338,19416,[]
339,19486,[]
340,19532,[]
341,19584,[]
342,19644,[]
343,19700,[]
344,19756,[]
345,19792,[]
346,19864,[]
347,19934,[]
348,20002,[]
349,20058,[]
350,20114,[]
351,20180,[]
352,20234,[]
353,20286,[]
354,20338,[]
355,20416,[]
356,20498,[]
357,20560,[]
358,20612,[]
359,20662,[]
360,20714,[]
361,20772,[]
362,20854,[]
363,20908,[]
364,20954,[]
365,21026,[]
366,21096,[]
367,21156,[]
368,21220,[]
369,21278,[]
370,21312,[]
371,21376,[]
372,21436,[]
373,21498,[]
374,21562,[]
375,21628,[]
376,21690,[]
377,21748,[]
378,21806,[]
379,21856,[]
380,21924,[]
381,21978,[]
382,22036,[]
383,22086,[]
384,22142,[]
385,22202,[]
386,22262,[]
387,22316,[]
388,22380,[]
389,22430,[]
390,22490,[]
391,22546,[]
392,22610,[]
393,22658,[]
394,22716,[]
395,22786,[]
396,22834,[]
397,22894,[]
398,22940,[6]
399,23002,[6]
400,23096,[6]
401,23144,[7]
402,23192,[]
403,23232,[5]
404,23346,[6]
405,23422,[6]
406,23494,[6]
407,23578,[]
408,23628,[]
409,23678,[5]
410,23712,[5]
411,23788,[1]
412,23836,[1]
413,23870,[]
414,23892,[]
415,23930,[7]
416,23960,[]
417,23992,[]
418,24030,[]
419,24070,[]
420,24122,[]
421,24190,[]
422,24260,[]
423,24344,[]
424,24392,[]
425,24456,[]
426,24504,[]
427,24568,[]
428,24634,[]
429,24700,[]
430,24782,[]
431,24880,[]
432,24964,[]
433,25034,[]
434,25120,[]
435,25222,[]
436,25310,[]
437,25356,[]
438,25418,[]
439,25482,[]
440,25530,[]
441,25594,[]
442,25674,[]
443,25740,[]
444,25786,[]
445,25848,[]
446,25926,[]
447,25990,[]
448,26042,[]
449,26110,[]
450,26194,[]
451,26264,[]
452,26328,[]
453,26400,[]
454,26464,[]
455,26530,[]
456,26594,[]
457,26660,[]
458,26722,[]
459,26786,[]
460,26850,[]
461,26880,[]
462,26916,[]
463,26950,[]
464,27004,[]
465,27074,[]
466,27146,[]
467,27174,[]
468,27218,[]
469,27264,[7]
470,27308,[]
471,27360,[]
472,27414,[]
473,27468,[]
474,27524,[]
475,27572,[]
476,27638,[]
477,27686,[]
478,27736,[]
479,27786,[]
480,27838,[]
481,27912,[]
482,27988,[]
483,28070,[]
484,28154,[8]
485,28206,[]
486,28258,[]
487,28326,[]
488,28378,[]
489,28446,[]
490,28508,[]
491,28586,[]
492,28646,[]
493,28722,[]
494,28800,[]
495,28854,[]
496,28924,[]
497,28996,[]
498,29040,[]
499,29072,[]
500,29120,[]
501,29170,[]
502,29206,[]
503,29258,[]
504,29312,[]
505,29356,[]
506,29416,[]
507,29478,[]
508,29524,[]
509,29586,[]
510,29650,[]
511,29694,[]
512,29754,[]
513,29816,[]
514,29862,[]
515,29924,[]
516,29988,[]
517,30042,[]
518,30112,[]
519,30184,[]
520,30240,[]
521,30312,[]
522,30386,[]
523,30418,[]
524,30466,[]
525,30516,[]
526,30552,[]
527,30604,[]
528,30646,[]
529,30704,[]
530,30738,[]
531,30788,[]
532,30848,[]
533,30924,[]
534,31002,[]
535,31064,[]
536,31142,[]
537,31222,[]
538,31284,[]
539,31362,[]
540,31442,[]
541,31490,[]
542,31554,[]
543,31620,[]
544,31692,[]
545,31780,[]
546,31870,[]
547,31926,[]
548,31992,[]
549,32074,[]
550,32158,[]
551,32242,[]
552,32328,[]
553,32386,[]
554,32460,[]
555,32536,[]
556,32612,[]
557,32690,[]
558,32746,[]
559,32818,[]
560,32892,[]
561,32966,[]
562,33042,[]
563,33102,[]
564,33178,[]
565,33256,[]
566,33334,[]
567,33414,[]
568,33482,[]
569,33552,[]
570,33588,[]
571,33640,[]
572,33694,[]
573,33742,[]
574,33806,[]
575,33872,[]
576,33918,[]
577,33980,[]
578,34044,[]
579,34086,[]
580,34144,[]
581,34206,[]
582,34284,[]
583,34364,[]
584,34406,[]
585,34464,[]
586,34524,[]
587,34578,[]
588,34614,[]
589,34666,[]
590,34720,[]
591,34756,[]
592,34808,[]
593,34862,[]
594,34896,[]
595,34946,[]
596,34998,[]
597,35034,[]
598,35086,[]
599,35140,[]
600,35182,[]
601,35240,[]
602,35300,[]
603,35394,[]
604,35490,[]
605,35546,[]
606,35600,[]
607,35662,[]
608,35730,[]
609,35800,[]
610,35888,[]
611,35958,[]
612,36046,[]
613,36130,[]
614,36232,[]
615,36288,[]
616,36362,[]
617,36430,[]
618,36516,[]
619,36586,[]
620,36674,[]
621,36728,[]
622,36800,[]
623,36868,[]
624,36954,[]
625,37024,[]
626,37068,[]
627,37130,[]
628,37182,[]
629,37252,[]
630,37330,[]
631,37426,[]
632,37468,[]
633,37528,[]
634,37560,[]
635,37592,[]
636,37632,[]
637,37674,[]
638,37726,[]
639,37780,[]
640,37810,[]
641,37854,[7]
642,37902,[]
643,37930,[]
644,37974,[]
645,38020,[]
646,38052,[]
647,38110,[7]
648,38188,[]
649,38234,[]
650,38274,[]
651,38342,[]
652,38394,[]
653,38454,[]
654,38506,[7]
655,38582,[5]
656,38690,[5]
657,38742,[]
658,38764,[4]
659,38814,[5]
660,38870,[6]
661,38918,[6]
662,38962,[5]
663,39016,[5]
664,39066,[5]
665,39112,[7]
666,39168,[5]
667,39244,[5]
668,39308,[4]
669,39376,[7]
670,39444,[5]
671,39480,[8]
672,39524,[7]
673,39614,[6]
674,39698,[4]
675,39762,[5]
676,39820,[6]
677,39898,[6]
678,39938,[5]
679,39974,[7]
680,40050,[4]
681,40108,[5]
682,40142,[5]
683,40228,[6]
684,40310,[5]
685,40352,[8]
686,40424,[5]
687,40490,[5]
688,40554,[5]
689,40602,[]
690,40630,[4]
691,40664,[4]
692,40736,[5]
693,40828,[]
694,40868,[6]
695,40908,[7]
696,40986,[4]
697,41064,[5]
698,41152,[8]
699,41240,[5]
700,41284,[5]
701,41328,[4]
702,41398,[4]
703,41470,[4]
704,41522,[4]
705,41576,[4]
706,41636,[4]
707,41698,[5]
708,41744,[5]
709,41782,[2]
710,41830,[]
711,41894,[]
712,41950,[]
713,42016,[]
714,42072,[]
715,42132,[]
716,42190,[]
717,42252,[]
718,42292,[]
719,42354,[]
720,42414,[]
721,42474,[]
722,42546,[]
723,42606,[]
724,42648,[]
725,42700,[]
726,42754,[]
727,42810,[]
728,42880,[]
729,42934,[]
730,43004,[]
731,43062,[]
732,43120,[5]
733,43160,[5]
734,43230,[5]
735,43300,[5]
736,43352,[4]
737,43418,[4]
738,43460,[6]
739,43520,[]
740,43582,[]
741,43636,[]
742,43674,[]
743,43730,[]
744,43762,[6]
745,43794,[6]
746,43844,[7]
747,43880,[]
748,43924,[6]
749,43956,[8]
750,43996,[6]
751,44026,[0]
752,44092,[7]
753,44142,[]
754,44184,[]
755,44252,[]
756,44324,[0]
757,44358,[5]
758,44396,[5]
759,44450,[5]
760,44502,[5]
761,44552,[5]
762,44610,[]
763,44694,[7]
764,44774,[7]
765,44834,[5]
766,44920,[5]
767,44996,[5]
768,45082,[]
769,45170,[]
770,45246,[5]
771,45316,[]
772,45354,[7]
773,45412,[7]
774,45478,[6]
775,45524,[5]
776,45574,[5]
777,45626,[5]
778,45726,[5]
779,45776,[5]
780,45836,[7]
781,45888,[]
782,45936,[]
783,45978,[]
784,46022,[7]
785,46108,[]
786,46162,[]
787,46202,[]
788,46286,[8]
789,46354,[5]
790,46428,[5]
791,46496,[6]
792,46548,[5]
793,46622,[5]
794,46680,[5]
795,46764,[4]
796,46826,[5]
797,46878,[]
798,46916,[7]
799,46960,[7]
800,46998,[5]
801,47046,[]
802,47102,[]
803,47154,[5]
804,47240,[5]
805,47340,[4]
806,47406,[5]
807,47512,[5]
808,47550,[4]
809,47600,[0]
810,47664,[0]
811,47720,[0]
812,47790,[0]
813,47856,[0]
814,47936,[6]
815,47986,[]
816,48020,[]
817,48070,[]
818,48122,[2]
819,48204,[2]
820,48256,[2]
821,48302,[4]
822,48356,[6]
823,48430,[6]
824,48478,[5]
825,48524,[5]
826,48580,[5]
827,48670,[4]
828,48728,[4]
829,48792,[6]
830,48852,[5]
831,48908,[4]
832,48944,[5]
833,49034,[5]
834,49138,[6]
835,49218,[5]
836,49290,[]
837,49344,[]
838,49392,[]
839,49420,[]
840,49460,[]
841,49488,[4]
842,49532,[5]
843,49602,[]
844,49658,[]
845,49728,[]
846,49794,[]
847,49850,[]
848,49908,[5]
849,49968,[5]
850,50042,[6]
851,50110,[5]
852,50178,[6]
853,50258,[6]
854,50318,[6]
855,50376,[4]
856,50420,[6]
857,50498,[6]
858,50574,[5]
859,50642,[4]
860,50714,[5]
861,50792,[5]
862,50846,[5]
863,50890,[7]
864,50954,[]
865,50982,[]
866,51014,[7]
867,51080,[]
868,51106,[]
869,51138,[8]
870,51208,[]
871,51228,[]
872,51250,[1]
873,51286,[1]
874,51322,[1]
875,51358,[8]
876,51444,[]
877,51518,[]
878,51606,[6]
879,51670,[6]
880,51724,[5]
881,51782,[6]
882,51842,[6]
883,51900,[8]
884,51980,[5]
885,52034,[6]
886,52128,[6]
887,52200,[5]
888,52272,[5]
889,52344,[4]
890,52404,[7]
891,52476,[7]
892,52530,[4]
893,52604,[2]
894,52682,[]
895,52724,[]
896,52772,[]
897,52840,[]
898,52886,[]
899,52926,[6]
900,52996,[6]
901,53046,[5]
902,53124,[5]
903,53198,[5]
904,53300,[5]
905,53394,[5]
906,53460,[4]
907,53534,[4]
908,53608,[5]
909,53650,[5]
910,53692,[5]
911,53724,[5]
912,53760,[5]
913,53826,[5]
914,53858,[5]
915,53922,[4]
916,54000,[6]
917,54072,[4]
918,54174,[7]
919,54220,[4]
920,54278,[6]
921,54324,[4]
922,54392,[6]
923,54434,[6]
924,54480,[4]
925,54524,[5]
926,54600,[8]
927,54690,[7]
928,54766,[7]
929,54814,[7]
930,54878,[5]
931,54934,[6]
932,54990,[6]
933,55044,[7]
934,55092,[]
935,55128,[5]
936,55186,[5]
937,55262,[5]
938,55306,[5]
939,55364,[6]
940,55396,[7]
941,55448,[4]
942,55506,[4]
943,55556,[]
944,55616,[4]
945,55666,[5]
946,55714,[]
947,55762,[5]
948,55816,[4]
949,55858,[4]
950,55914,[4]
951,55966,[6]
952,56000,[8]
953,56036,[5]
954,56098,[]
955,56136,[5]
956,56194,[5]
957,56252,[5]
958,56308,[6]
959,56358,[7]
960,56456,[7]
961,56526,[5]
962,56580,[5]
963,56666,[5]
964,56742,[5]
965,56824,[5]
966,56908,[5]
967,56962,[5]
968,57014,[5]
969,57074,[4]
970,57148,[1]
971,57202,[5]
972,57292,[5]
973,57382,[6]
974,57432,[1]
975,57494,[]
976,57566,[4]
977,57632,[]
978,57670,[8]
979,57744,[]
980,57806,[5]
981,57844,[0]
982,57894,[1]
983,57944,[2]
984,57986,[2]
985,58024,[1]
986,58080,[1]
987,58122,[0]
988,58164,[5]
989,58226,[6]
990,58278,[]
991,58322,[5]
992,58384,[5]
993,58446,[5]
994,58538,[5]
995,58648,[5]
996,58708,[4]
997,58752,[4]
998,58794,[4]
999,58868,[5]
1000,58934,[6]
1001,59014,[6]
1002,59116,[6]
1003,59204,[8]
1004,59276,[4]
1005,59334,[7]
1006,59402,[]
1007,59470,[]
1008,59538,[]
1009,59616,[7]
1010,59702,[7]
1011,59754,[7]
1012,59802,[7]
1013,59882,[4]
1014,59982,[5]
1015,60038,[5]
1016,60090,[6]
1017,60160,[6]
1018,60200,[5]
1019,60260,[]
1020,60322,[5]
1021,60378,[5]
1022,60414,[5]
1023,60446,[]
1024,60504,[5]
1025,60530,[5]
1026,60576,[5]
1027,60610,[5]
1028,60652,[]
1029,60718,[]
1030,60778,[]
1031,60804,[1]
1032,60858,[1]
1033,60922,[1]
1034,60986,[]
1035,61024,[]
1036,61066,[]
1037,61120,[]
1038,61168,[]
1039,61200,[]
1040,61264,[]
1041,61316,[]
1042,61376,[]
1043,61408,[6]
1044,61470,[6]
1045,61518,[5]
1046,61564,[5]
1047,61626,[5]
1048,61704,[5]
1049,61764,[5]
1050,61844,[5]
1051,61896,[8]
1052,61970,[6]
1053,62014,[6]
1054,62066,[4]
1055,62156,[7]
1056,62232,[7]
1057,62308,[6]
1058,62378,[6]
1059,62450,[8]
1060,62512,[]
1061,62572,[]
1062,62624,[]
1063,62678,[]
1064,62734,[]
1065,62802,[]
1066,62856,[]
1067,62906,[]
1068,62998,[]
1069,63052,[]
1070,63114,[]
1071,63176,[]
1072,63234,[]
1073,63292,[]
1074,63360,[]
1075,63430,[]
1076,63484,[]
1077,63538,[5]
1078,63592,[5]
1079,63672,[8]
1080,63704,[]
1081,63776,[]
1082,63830,[]
1083,63894,[]
1084,63922,[]
1085,63954,[]
1086,64000,[]
1087,64042,[]
1088,64084,[5]
1089,64120,[]
1090,64164,[]
1091,64226,[5]
1092,64312,[5]
1093,64364,[]
1094,64432,[5]
1095,64498,[5]
1096,64564,[5]
1097,64628,[5]
1098,64716,[5]
1099,64790,[5]
1100,64852,[]
1101,64890,[2]
1102,64928,[6]
1103,64982,[4]
1104,65048,[6]
1105,65100,[]
1106,65150,[5]
1107,65192,[]
1108,65218,[]
1109,65260,[]
1110,65304,[]
1111,65354,[]
1112,65372,[7]
1113,65462,[5]
1114,65518,[]
1115,65560,[4]
1116,65602,[]
1117,65644,[6]
1118,65696,[6]
1119,65764,[4]
1120,65808,[6]
1121,65846,[7]
1122,65916,[7]
1123,65994,[5]
1124,66040,[5]
1125,66112,[5]
1126,66170,[6]
1127,66204,[5]
1128,66260,[]
1129,66302,[]
1130,66342,[5]
1131,66388,[]
1132,66424,[]
1133,66460,[]
1134,66494,[]
1135,66538,[6]
1136,66570,[6]
1137,66604,[6]
1138,66648,[5]
1139,66712,[5]
1140,66772,[5]
1141,66832,[5]
1142,66894,[5]
1143,66954,[5]
1144,67032,[6]
1145,67084,[5]
1146,67152,[]
1147,67182,[]
1148,67226,[]
1149,67286,[8]
1150,67362,[5]
1151,67418,[5]
1152,67488,[5]
1153,67546,[5]
1154,67618,[5]
1155,67664,[5]
1156,67744,[4]
1157,67778,[5]
1158,67842,[5]
1159,67912,[5]
1160,67994,[6]
1161,68062,[6]
1162,68146,[8]
1163,68190,[5]
1164,68236,[5]
1165,68292,[5]
1166,68328,[]
1167,68378,[]
1168,68438,[]
1169,68494,[]
1170,68538,[]
1171,68580,[]
1172,68616,[]
1173,68642,[]
1174,68670,[]
1175,68708,[]
1176,68742,[]
1177,68776,[]
1178,68820,[]
1179,68870,[]
1180,68912,[]
1181,68956,[]
1182,68998,[]
1183,69058,[]
1184,69130,[]
1185,69176,[]
1186,69222,[]
1187,69278,[]
1188,69326,[]
1189,69368,[]
1190,69400,[]
1191,69436,[]
1192,69472,[]
1193,69498,[]
1194,69530,[]
1195,69572,[]
1196,69608,[]
1197,69640,[]
1198,69682,[]
1199,69732,[]
1200,69776,[]
1201,69822,[]
1202,69866,[]
1203,69908,[]
1204,69944,[]
1205,69980,[]
1206,70012,[]
1207,70044,[]
1208,70086,[]
1209,70142,[]
1210,70196,[]
1211,70236,[]
1212,70276,[]
1213,70332,[5]
1214,70396,[]
1215,70440,[]
1216,70502,[]
1217,70548,[]
1218,70592,[]
1219,70644,[8]
1220,70722,[6]
1221,70774,[6]
1222,70826,[6]
1223,70876,[6]
1224,70944,[6]
1225,70994,[6]
1226,71062,[6]
1227,71122,[6]
1228,71200,[6]
1229,71258,[6]
1230,71334,[6]
1231,71406,[6]
1232,71476,[6]
1233,71544,[6]
1234,71626,[6]
1235,71738,[6]
1236,71852,[6]
1237,71934,[6]
1238,72034,[5]
1239,72090,[]
1240,72124,[8]
1241,72194,[]
1242,72236,[6]
1243,72270,[5]
1244,72348,[7]
1245,72406,[]
1246,72474,[]
1247,72528,[7]
1248,72612,[7]
1249,72688,[7]
1250,72746,[7]
1251,72814,[7]
1252,72900,[]
1253,72944,[]
1254,72988,[7]
1255,73072,[]
1256,73162,[5]
1257,73232,[5]
1258,73300,[5]
1259,73376,[5]
1260,73440,[5]
1261,73496,[5]
1262,73552,[5]
1263,73606,[5]
1264,73660,[5]
1265,73716,[]
1266,73752,[]
1267,73804,[5]
1268,73868,[5]
1269,73932,[]
1270,73970,[6]
1271,74004,[]
1272,74042,[]
1273,74096,[]
1274,74152,[]
1275,74206,[]
1276,74236,[]
1277,74282,[5]
1278,74318,[5]
1279,74356,[5]
1280,74390,[5]
1281,74444,[5]
1282,74490,[5]
1283,74536,[5]
1284,74592,[5]
1285,74624,[5]
1286,74658,[5]
1287,74690,[5]
1288,74738,[5]
1289,74770,[5]
1290,74812,[5]
1291,74870,[5]
1292,74926,[5]
1293,74974,[5]
1294,75014,[5]
1295,75060,[5]
1296,75106,[5]
1297,75138,[5]
1298,75188,[5]
1299,75232,[5]
1300,75276,[5]
1301,75328,[5]
1302,75372,[5]
1303,75416,[5]
1304,75458,[5]
1305,75500,[5]
1306,75542,[5]
1307,75610,[5]
1308,75660,[5]
1309,75716,[5]
1310,75780,[5]
1311,75832,[5]
1312,75902,[5]
1313,75944,[5]
1314,76020,[6]
1315,76062,[]
1316,76106,[]
1317,76166,[]
1318,76228,[]
1319,76280,[]
1320,76348,[]
1321,76418,[6]
1322,76468,[5]
1323,76554,[5]
1324,76640,[5]
1325,76724,[5]
1326,76780,[5]
1327,76836,[5]
1328,76890,[6]
1329,76956,[6]
1330,76992,[]
1331,77050,[5]
1332,77110,[5]
1333,77164,[5]
1334,77238,[6]
1335,77330,[6]
1336,77416,[6]
1337,77496,[4]
1338,77576,[6]
1339,77664,[6]
1340,77750,[5]
1341,77800,[]
1342,77850,[]
1343,77904,[]
1344,77934,[]
1345,77974,[]
1346,78012,[]
1347,78048,[]
1348,78084,[7]
1349,78170,[4]
1350,78288,[7]
1351,78344,[6]
1352,78382,[6]
1353,78460,[]
1354,78484,[5]
1355,78540,[]
1356,78562,[5]
1357,78630,[]
1358,78676,[5]
1359,78752,[5]
1360,78824,[5]
1361,78906,[5]
1362,78970,[5]
1363,79022,[5]
1364,79084,[5]
1365,79176,[5]
1366,79224,[5]
1367,79282,[5]
1368,79338,[6]
1369,79404,[5]
1370,79458,[]
1371,79516,[7]
1372,79596,[5]
1373,79670,[6]
1374,79754,[4]
1375,79820,[5]
1376,79872,[6]
1377,79928,[6]
1378,79984,[6]
1379,80038,[]
1380,80062,[]
1381,80110,[6]
1382,80148,[6]
1383,80218,[6]
1384,80292,[6]
1385,80340,[6]
1386,80392,[6]
1387,80436,[5]
1388,80496,[6]
1389,80556,[7]
1390,80624,[6]
1391,80694,[5]
1392,80762,[7]
1393,80810,[5]
1394,80852,[5]
1395,80912,[4]
1396,80988,[6]
1397,81032,[5]
1398,81076,[5]
1399,81118,[6]
1400,81210,[7]
1401,81262,[5]
1402,81312,[5]
1403,81370,[5]
1404,81442,[5]
1405,81514,[5]
1406,81602,[]
1407,81636,[6]
1408,81678,[]
1409,81718,[]
1410,81774,[]
1411,81824,[4]
1412,81876,[5]
1413,81950,[6]
1414,81990,[4]
1415,82068,[4]
1416,82144,[]
1417,82186,[5]
1418,82242,[4]
1419,82288,[4]
1420,82332,[4]
1421,82396,[]
1422,82448,[]
1423,82488,[]
1424,82540,[]
1425,82590,[4]
1426,82650,[]
1427,82698,[4]
1428,82758,[]
1429,82806,[4]
1430,82874,[]
1431,82932,[4]
1432,82998,[]
1433,83070,[]
1434,83118,[]
1435,83176,[]
1436,83218,[]
1437,83270,[]
1438,83304,[]
1439,83348,[]
1440,83382,[]
1441,83434,[]
1442,83470,[]
1443,83498,[]
1444,83536,[]
1445,83564,[5]
1446,83642,[]
1447,83716,[]
1448,83794,[4]
1449,83874,[4]
1450,83960,[4]
1451,84046,[4]
1452,84138,[4]
1453,84218,[]
1454,84268,[]
1455,84318,[]
1456,84366,[5]
1457,84446,[5]
1458,84530,[5]
1459,84626,[5]
1460,84714,[]
1461,84764,[6]
1462,84836,[5]
1463,84884,[5]
1464,84950,[4]
1465,84998,[5]
1466,85054,[5]
1467,85128,[5]
1468,85198,[]
1469,85254,[5]
1470,85338,[]
1471,85398,[7]
1472,85450,[7]
1473,85486,[]
1474,85510,[]
1475,85574,[]
1476,85604,[]
1477,85660,[]
1478,85722,[]
1479,85776,[]
1480,85834,[]
1481,85884,[5]
1482,85936,[]
1483,85972,[]
1484,86008,[]
1485,86072,[]
1486,86134,[]
1487,86206,[]
1488,86280,[]
1489,86352,[]
1490,86418,[]
1491,86488,[]
1492,86562,[]
1493,86642,[]
1494,86716,[]
1495,86766,[]
1496,86810,[]
1497,86854,[]
1498,86912,[]
1499,86970,[]
1500,87030,[]
1501,87086,[]
1502,87134,[]
1503,87188,[]
1504,87244,[]
1505,87298,[]
1506,87344,[]
1507,87406,[]
1508,87470,[]
1509,87506,[6]
1510,87552,[5]
1511,87602,[5]
1512,87666,[5]
1513,87734,[5]
1514,87780,[6]
1515,87850,[5]
1516,87930,[]
1517,88010,[]
1518,88084,[]
1519,88156,[]
1520,88216,[]
1521,88278,[]
1522,88340,[5]
1523,88396,[7]
1524,88442,[]
1525,88498,[]
1526,88558,[]
1527,88616,[]
1528,88686,[]
1529,88756,[]
1530,88818,[]
1531,88884,[]
1532,88950,[]
1533,89018,[]
1534,89086,[]
1535,89136,[]
1536,89200,[]
1537,89250,[]
1538,89312,[]
1539,89374,[]
1540,89428,[]
1541,89490,[]
1542,89552,[]
1543,89612,[]
1544,89676,[]
1545,89740,[]
1546,89820,[]
1547,89900,[]
1548,89964,[]
1549,90002,[]
1550,90056,[]
1551,90096,[]
1552,90152,[]
1553,90208,[]
1554,90244,[]
1555,90292,[]
1556,90356,[]
1557,90420,[]
1558,90468,[]
1559,90532,[]
1560,90596,[]
1561,90632,[]
1562,90672,[]
1563,90728,[]
1564,90784,[]
1565,90820,[]
1566,90872,[]
1567,90924,[]
1568,90970,[]
1569,91032,[]
1570,91094,[]
1571,91142,[]
1572,91206,[]
1573,91270,[]
1574,91318,[]
1575,91382,[]
1576,91446,[]
1577,91504,[]
1578,91564,[]
1579,91606,[]
1580,91664,[]
1581,91722,[]
1582,91778,[]
1583,91850,[]
1584,91922,[]
1585,91966,[]
1586,92026,[]
1587,92086,[]
1588,92130,[]
1589,92190,[]
1590,92250,[]
1591,92296,[]
1592,92358,[]
1593,92420,[]
1594,92468,[]
1595,92532,[]
1596,92582,[]
1597,92648,[]
1598,92714,[]
1599,92762,[]
1600,92826,[]
1601,92890,[]
1602,92922,[]
1603,92986,[]
1604,93038,[]
1605,93088,[]
1606,93142,[]
1607,93202,[4]
1608,93262,[]
1609,93330,[]
1610,93392,[6]
1611,93486,[]
1612,93552,[]
1613,93608,[]
1614,93664,[]
1615,93694,[]
1616,93728,[]
1617,93760,[]
1618,93804,[]
1619,93840,[]
1620,93888,[]
1621,93946,[7]
1622,94022,[]
1623,94066,[5]
1624,94140,[5]
1625,94202,[5]
1626,94282,[5]
1627,94362,[5]
1628,94426,[5]
1629,94496,[6]
1630,94576,[6]
1631,94654,[6]
1632,94752,[7]
1633,94812,[7]
1634,94872,[4]
1635,94914,[5]
1636,94958,[4]
1637,95050,[5]
1638,95102,[5]
1639,95180,[5]
1640,95240,[7]
1641,95300,[5]
1642,95358,[4]
1643,95420,[5]
1644,95464,[4]
1645,95504,[4]
1646,95534,[5]
1647,95568,[5]
1648,95600,[]
1649,95658,[]
1650,95722,[]
1651,95744,[]
1652,95806,[6]
1653,95880,[]
1654,95930,[]
1655,95976,[]
1656,96022,[8]
1657,96094,[6]
1658,96172,[8]
1659,96256,[4]
1660,96310,[6]
1661,96368,[6]
1662,96428,[5]
1663,96510,[5]
1664,96604,[5]
1665,96676,[5]
1666,96746,[5]
1667,96786,[6]
1668,96842,[6]
1669,96914,[6]
1670,96978,[8]
1671,97034,[4]
1672,97094,[]
1673,97144,[]
1674,97192,[5]
1675,97244,[]
1676,97284,[4]
1677,97358,[4]
1678,97442,[6]
1679,97490,[4]
1680,97542,[5]
1681,97636,[5]
1682,97748,[5]
1683,97818,[5]
1684,97886,[5]
1685,97944,[5]
1686,98034,[5]
1687,98112,[5]
1688,98180,[6]
1689,98228,[6]
1690,98290,[5]
1691,98380,[7]
1692,98438,[6]
1693,98488,[5]
1694,98560,[5]
1695,98602,[5]
1696,98642,[5]
1697,98706,[5]
1698,98750,[6]
1699,98826,[6]
1700,98918,[4]
1701,98998,[7]
1702,99040,[]
1703,99086,[]
1704,99132,[]
1705,99184,[4]
1706,99226,[6]
1707,99272,[]
1708,99330,[]
1709,99386,[5]
1710,99462,[]
1711,99506,[5]
1712,99560,[5]
1713,99616,[5]
1714,99700,[5]
1715,99772,[5]
1716,99832,[5]
1717,99902,[5]
1718,99968,[4]
1719,100022,[6]
1720,100086,[]
1721,100136,[]
1722,100160,[]
1723,100198,[7]
1724,100272,[5]
1725,100338,[5]
1726,100422,[]
1727,100516,[]
1728,100576,[]
1729,100638,[]
1730,100706,[4]
1731,100762,[6]
1732,100822,[6]
1733,100872,[4]
1734,100916,[4]
1735,100970,[4]
1736,101042,[4]
1737,101096,[4]
1738,101140,[7]
1739,101228,[7]
1740,101278,[6]
1741,101334,[7]
1742,101390,[6]
1743,101458,[1]
1744,101510,[4]
1745,101574,[8]
1746,101602,[8]
1747,101664,[5]
1748,101724,[7]
1749,101768,[1]
1750,101838,[1]
1751,101908,[1]
1752,101988,[1]
1753,102064,[1]
1754,102140,[1]
1755,102226,[0]
1756,102308,[0]
1757,102388,[0]
1758,102472,[0]
1759,102552,[0]
1760,102634,[0]
1761,102720,[0]
1762,102802,[0]
1763,102886,[1]
1764,102972,[1]
1765,103058,[1]
1766,103142,[1]
1767,103214,[2]
1768,103264,[2]
1769,103324,[2]
1770,103374,[0]
1771,103434,[0]
1772,103508,[0]
1773,103570,[0]
1774,103618,[0]
1775,103666,[2]
1776,103706,[0]
1777,103758,[1]
1778,103806,[1]
1779,103854,[1]
1780,103912,[1]
1781,103968,[1]
1782,104024,[4]
1783,104074,[4]
1784,104122,[0]
1785,104180,[0]
1786,104236,[0]
1787,104296,[0]
1788,104352,[0]
1789,104410,[0]
1790,104472,[0]
1791,104530,[0]
1792,104590,[1]
1793,104668,[1]
1794,104746,[1]
1795,104830,[1]
1796,104910,[1]
1797,104982,[1]
1798,105050,[0]
1799,105116,[0]
1800,105190,[1]
1801,105284,[4]
1802,105340,[4]
1803,105392,[2]
1804,105460,[1]
1805,105536,[2]
1806,105600,[3]
1807,105664,[1]
1808,105724,[1]
1809,105784,[1]
1810,105854,[4]
1811,105916,[4]
1812,105972,[0]
1813,106028,[0]
1814,106084,[0]
1815,106150,[1]
1816,106214,[1]
1817,106288,[1]
1818,106362,[2]
1819,106418,[4]
1820,106476,[0]
1821,106528,[0]
1822,106580,[3]
1823,106636,[5]
1824,106684,[5]
1825,106756,[4]
1826,106818,[4]
1827,106866,[4]
1828,106916,[5]
1829,106980,[5]
1830,107028,[0]
1831,107072,[0]
1832,107118,[0]
1833,107170,[1]
1834,107232,[1]
1835,107300,[1]
1836,107370,[2]
1837,107424,[1]
1838,107486,[1]
1839,107548,[1]
1840,107626,[0]
1841,107684,[0]
1842,107744,[1]
1843,107798,[1]
1844,107862,[1]
1845,107928,[2]
1846,107990,[5]
1847,108038,[2]
1848,108092,[4]
1849,108160,[0]
1850,108224,[1]
1851,108278,[1]
1852,108346,[1]
1853,108410,[2]
1854,108480,[4]
1855,108532,[2]
1856,108582,[4]
1857,108652,[4]
1858,108718,[4]
1859,108784,[0]
1860,108846,[0]
1861,108922,[1]
1862,108982,[1]
1863,109030,[4]
1864,109086,[0]
1865,109150,[0]
1866,109212,[0]
1867,109278,[0]
1868,109340,[0]
1869,109404,[0]
1870,109472,[0]
1871,109536,[0]
1872,109602,[1]
1873,109674,[1]
1874,109744,[1]
1875,109818,[1]
1876,109888,[1]
1877,109960,[1]
1878,110036,[1]
1879,110108,[1]
1880,110182,[1]
1881,110248,[1]
1882,110314,[1]
1883,110386,[1]
1884,110446,[2]
1885,110504,[2]
1886,110562,[1]
1887,110618,[1]
1888,110674,[1]
1889,110730,[1]
1890,110786,[1]
1891,110852,[2]
1892,110918,[4]
1893,110976,[2]
1894,111046,[2]
1895,111116,[2]
1896,111196,[2]
1897,111264,[3]
1898,111330,[3]
1899,111396,[2]
1900,111460,[2]
1901,111524,[2]
1902,111588,[2]
1903,111652,[2]
1904,111726,[3]
1905,111800,[4]
1906,111866,[5]
1907,111930,[4]
1908,111980,[4]
1909,112028,[4]
1910,112078,[4]
1911,112126,[4]
1912,112172,[6]
1913,112228,[6]
1914,112284,[6]
1915,112338,[5]
1916,112412,[5]
1917,112480,[5]
1918,112546,[0]
1919,112604,[5]
1920,112642,[4]
1921,112704,[4]
1922,112754,[4]
1923,112802,[5]
1924,112864,[5]
1925,112936,[5]
1926,112996,[5]
1927,113054,[2]
1928,113110,[2]
1929,113164,[2]
1930,113216,[4]
1931,113290,[4]
1932,113362,[4]
1933,113436,[4]
1934,113510,[4]
1935,113582,[2]
1936,113634,[2]
1937,113684,[2]
1938,113738,[4]
1939,113800,[4]
1940,113876,[4]
1941,113926,[2]
1942,113974,[2]
1943,114054,[2]
1944,114100,[2]
1945,114150,[2]
1946,114228,[]
1947,114256,[]
1948,114314,[6]
1949,114352,[6]
1950,114390,[6]
1951,114428,[6]
1952,114466,[]
1953,114510,[4]
1954,114566,[7]
1955,114612,[4]
1956,114660,[8]
1957,114706,[4]
1958,114760,[]
1959,114790,[8]
1960,114880,[5]
1961,114928,[5]
1962,114966,[]
1963,115056,[6]
1964,115102,[6]
1965,115148,[8]
1966,115194,[7]
1967,115244,[7]
1968,115298,[6]
1969,115362,[8]
1970,115428,[8]
1971,115488,[6]
1972,115552,[2]
1973,115598,[2]
1974,115662,[2]
1975,115708,[2]
1976,115772,[2]
1977,115828,[2]
1978,115902,[2]
1979,115958,[2]
1980,116032,[6]
1981,116082,[5]
1982,116132,[7]
1983,116182,[6]
1984,116250,[5]
1985,116304,[7]
1986,116350,[7]
1987,116396,[7]
1988,116452,[6]
1989,116514,[6]
1990,116590,[6]
1991,116658,[6]
1992,116738,[4]
1993,116802,[8]
1994,116848,[6]
1995,116884,[7]
1996,116950,[7]
1997,117014,[7]
1998,117102,[6]
1999,117170,[]
2000,117216,[7]
2001,117272,[7]
2002,117342,[5]
2003,117384,[6]
2004,117426,[6]
2005,117492,[6]
2006,117562,[6]
2007,117632,[4]
2008,117674,[6]
2009,117742,[6]
2010,117818,[8]
2011,117894,[6]
2012,117970,[6]
2013,118056,[6]
2014,118094,[6]
2015,118132,[4]
2016,118172,[8]
2017,118248,[7]
2018,118318,[7]
2019,118380,[9]
2020,118444,[]
2021,118500,[6]
2022,118560,[6]
2023,118606,[6]
2024,118676,[6]
2025,118754,[6]
2026,118790,[5]
2027,118824,[]
2028,118868,[]
2029,118912,[6]
2030,118978,[6]
2031,119052,[7]
2032,119142,[7]
2033,119214,[7]
2034,119306,[5]
2035,119370,[5]
2036,119430,[5]
2037,119506,[5]
2038,119568,[5]
2039,119618,[]
2040,119664,[]
2041,119712,[7]
2042,119768,[5]
2043,119842,[6]
2044,119914,[6]
2045,120010,[7]
2046,120078,[7]
2047,120174,[7]
2048,120256,[6]
2049,120328,[7]
2050,120402,[7]
2051,120498,[6]
2052,120562,[6]
2053,120642,[6]
2054,120730,[6]
2055,120850,[]
2056,120906,[5]
2057,120990,[5]
2058,121042,[]
2059,121110,[6]
2060,121176,[6]
2061,121222,[]
2062,121270,[7]
2063,121334,[6]
2064,121382,[7]
2065,121432,[7]
2066,121492,[7]
2067,121542,[7]
2068,121594,[]
2069,121660,[]
2070,121736,[]
2071,121802,[6]
2072,121866,[]
2073,121904,[1]
2074,121956,[1]
2075,122022,[1]
2076,122074,[1]
2077,122140,[1]
2078,122202,[1]
2079,122278,[2]
2080,122338,[2]
2081,122398,[2]
2082,122458,[2]
2083,122528,[5]
2084,122598,[]
2085,122684,[]
2086,122766,[]
2087,122852,[]
2088,122926,[]
2089,122974,[]
2090,123034,[]
2091,123060,[]
2092,123096,[]
2093,123136,[]
2094,123168,[]
2095,123200,[]
2096,123242,[]
2097,123278,[]
2098,123330,[]
2099,123368,[]
2100,123426,[]
2101,123476,[]
2102,123542,[]
2103,123616,[]
2104,123656,[]
2105,123732,[]
2106,123792,[]
2107,123846,[]
2108,123918,[]
2109,123978,[5]
2110,124038,[5]
2111,124108,[6]
2112,124186,[4]
2113,124246,[]
2114,124292,[4]
2115,124356,[5]
2116,124446,[4]
2117,124500,[]
2118,124568,[]
2119,124638,[]
2120,124696,[5]
2121,124754,[5]
2122,124812,[]
2123,124864,[6]
2124,124922,[5]
2125,125014,[5]
2126,125136,[5]
2127,125250,[5]
2128,125368,[5]
2129,125462,[6]
2130,125528,[5]
2131,125586,[6]
2132,125648,[4]
2133,125686,[7]
2134,125758,[]
2135,125806,[6]
2136,125852,[6]
2137,125912,[4]
2138,125966,[7]
2139,126052,[8]
2140,126120,[]
2141,126170,[8]
2142,126222,[]
2143,126242,[]
2144,126266,[]
2145,126294,[]
2146,126328,[]
2147,126348,[]
2148,126386,[]
2149,126414,[]
2150,126448,[7]
2151,126524,[7]
2152,126600,[7]
2153,126676,[6]
2154,126758,[6]
2155,126814,[6]
2156,126898,[6]
2157,126972,[7]
2158,127024,[7]
2159,127086,[]
2160,127138,[]
2161,127204,[4]
2162,127262,[8]
2163,127324,[]
2164,127380,[]
2165,127436,[]
2166,127462,[6]
2167,127524,[6]
2168,127586,[6]
2169,127648,[5]
2170,127708,[6]
2171,127752,[6]
2172,127814,[6]
2173,127862,[]
2174,127932,[]
2175,127986,[]
2176,128038,[]
2177,128094,[]
2178,128158,[]
2179,128230,[]
2180,128292,[]
2181,128354,[]
2182,128380,[]
2183,128422,[]
2184,128486,[]
2185,128530,[]
2186,128580,[]
2187,128620,[5]
2188,128698,[5]
2189,128776,[7]
2190,128836,[7]
2191,128912,[6]
2192,128984,[6]
2193,129072,[6]
2194,129146,[6]
2195,129216,[7]
2196,129280,[7]
2197,129344,[6]
2198,129442,[6]
2199,129546,[4]
2200,129596,[6]
2201,129646,[6]
2202,129704,[6]
2203,129800,[5]
2204,129890,[4]
2205,129970,[6]
2206,130066,[6]
2207,130156,[6]
2208,130242,[6]
2209,130302,[6]
2210,130370,[4]
2211,130436,[4]
2212,130496,[4]
2213,130556,[4]
2214,130616,[4]
2215,130688,[4]
2216,130746,[4]
2217,130810,[4]
2218,130874,[4]
2219,130930,[4]
2220,130994,[4]
2221,131058,[4]
2222,131120,[4]
2223,131176,[4]
2224,131238,[4]
2225,131296,[4]
2226,131368,[4]
2227,131434,[4]
2228,131506,[4]
2229,131590,[4]
2230,131672,[4]
2231,131740,[4]
2232,131838,[4]
2233,131916,[4]
2234,131992,[4]
2235,132094,[4]
2236,132208,[4]
2237,132298,[4]
2238,132380,[4]
2239,132488,[4]
2240,132570,[4]
2241,132638,[4]
2242,132724,[4]
2243,132814,[4]
2244,132946,[4]
2245,133010,[4]
2246,133112,[4]
2247,133186,[4]
2248,133250,[4]
2249,133352,[4]
2250,133438,[4]
2251,133504,[4]
2252,133576,[4]
2253,133656,[4]
2254,133738,[4]
2255,133826,[]
2256,133918,[4]
2257,133994,[4]
2258,134066,[4]
2259,134118,[4]
2260,134188,[4]
2261,134248,[4]
2262,134310,[4]
2263,134378,[4]
2264,134442,[4]
2265,134506,[4]
2266,134564,[4]
2267,134630,[4]
2268,134700,[4]
2269,134770,[4]
2270,134842,[4]
2271,134910,[4]
2272,134968,[4]
2273,135030,[4]
2274,135094,[4]
2275,135168,[4]
2276,135228,[4]
2277,135298,[4]
2278,135362,[4]
2279,135418,[4]
2280,135488,[4]
2281,135554,[4]
2282,135620,[4]
2283,135690,[4]
2284,135760,[4]
2285,135834,[4]
2286,135908,[4]
2287,135970,[4]
2288,136040,[4]
2289,136104,[4]
2290,136166,[4]
2291,136228,[4]
2292,136290,[4]
2293,136354,[4]
2294,136420,[4]
2295,136486,[4]
2296,136552,[4]
2297,136624,[4]
2298,136696,[4]
2299,136754,[4]
2300,136818,[4]
2301,136892,[4]
2302,136964,[4]
2303,137030,[4]
2304,137098,[4]
2305,137166,[4]
2306,137234,[4]
2307,137310,[4]
2308,137372,[4]
2309,137432,[4]
2310,137492,[4]
2311,137554,[4]
2312,137614,[4]
2313,137680,[4]
2314,137750,[4]
2315,137820,[4]
2316,137882,[4]
2317,137956,[4]
2318,138032,[4]
2319,138112,[4]
2320,138184,[4]
2321,138256,[4]
2322,138318,[4]
2323,138386,[4]
2324,138454,[4]
2325,138522,[4]
2326,138592,[4]
2327,138660,[4]
2328,138728,[4]
2329,138790,[4]
2330,138860,[4]
2331,138930,[4]
2332,138998,[4]
2333,139074,[4]
2334,139130,[4]
2335,139194,[4]
2336,139266,[4]
2337,139326,[4]
2338,139394,[4]
2339,139464,[4]
2340,139528,[4]
2341,139586,[4]
2342,139660,[4]
2343,139730,[4]
2344,139802,[4]
2345,139876,[4]
2346,139956,[4]
2347,140042,[4]
2348,140098,[4]
2349,140170,[4]
2350,140236,[4]
2351,140306,[4]
2352,140372,[4]
2353,140436,[4]
2354,140512,[4]
2355,140590,[4]
2356,140664,[4]
2357,140750,[4]
2358,140832,[4]
2359,140908,[4]
2360,140986,[4]
2361,141042,[4]
2362,141114,[4]
2363,141182,[4]
2364,141246,[4]
2365,141320,[4]
2366,141388,[4]
2367,141462,[4]
2368,141528,[4]
2369,141598,[4]
2370,141702,[4]
2371,141778,[4]
2372,141894,[4]
2373,142000,[4]
2374,142062,[4]
2375,142142,[4]
2376,142224,[4]
2377,142302,[4]
2378,142390,[4]
2379,142464,[4]
2380,142534,[4]
2381,142616,[4]
2382,142692,[4]
2383,142782,[4]
2384,142854,[4]
2385,142924,[4]
2386,143024,[4]
2387,143100,[4]
2388,143192,[4]
2389,143256,[4]
2390,143328,[4]
2391,143396,[4]
2392,143460,[4]
2393,143518,[4]
2394,143608,[4]
2395,143690,[4]
2396,143766,[4]
2397,143846,[4]
2398,143920,[4]
2399,143996,[4]
2400,144070,[4]
2401,144150,[4]
2402,144232,[4]
2403,144366,[4]
2404,144440,[4]
2405,144510,[4]
2406,144598,[4]
2407,144692,[4]
2408,144774,[4]
2409,144846,[4]
2410,144932,[4]
2411,145044,[4]
2412,145140,[4]
2413,145218,[4]
2414,145286,[4]
2415,145344,[4]
2416,145420,[4]
2417,145482,[4]
2418,145562,[4]
2419,145636,[4]
2420,145704,[4]
2421,145768,[4]
2422,145856,[4]
2423,145938,[4]
2424,146026,[4]
2425,146096,[4]
2426,146164,[4]
2427,146226,[4]
2428,146288,[4]
2429,146354,[4]
2430,146432,[4]
2431,146516,[4]
2432,146606,[4]
2433,146742,[4]
2434,146812,[4]
2435,146950,[4]
2436,147040,[4]
2437,147124,[4]
2438,147202,[4]
2439,147288,[4]
2440,147374,[4]
2441,147460,[4]
2442,147528,[4]
2443,147608,[4]
2444,147706,[4]
2445,147782,[4]
2446,147876,[4]
2447,147946,[4]
2448,148012,[4]
2449,148092,[4]
2450,148200,[4]
2451,148290,[4]
2452,148374,[4]
2453,148456,[4]
2454,148544,[4]
2455,148616,[4]
2456,148682,[4]
2457,148774,[4]
2458,148848,[4]
2459,148932,[4]
2460,149000,[4]
2461,149074,[4]
2462,149142,[4]
2463,149218,[4]
2464,149320,[4]
2465,149388,[4]
2466,149482,[4]
2467,149558,[4]
2468,149634,[4]
2469,149728,[4]
2470,149794,[4]
2471,149872,[4]
2472,149966,[4]
2473,150054,[4]
2474,150148,[4]
2475,150234,[4]
2476,150340,[4]
2477,150424,[4]
2478,150504,[4]
2479,150578,[4]
2480,150654,[4]
2481,150736,[4]
2482,150814,[4]
2483,150916,[4]
2484,151002,[4]
2485,151104,[4]
2486,151170,[4]
2487,151254,[4]
2488,151332,[4]
2489,151422,[4]
2490,151550,[4]
2491,151638,[4]
2492,151712,[4]
2493,151780,[4]
2494,151858,[4]
2495,151922,[4]
2496,152000,[4]
2497,152068,[4]
2498,152202,[4]
2499,152276,[4]
2500,152360,[4]
2501,152496,[4]
2502,152588,[4]
2503,152662,[4]
2504,152728,[4]
2505,152792,[4]
2506,152866,[4]
2507,152942,[4]
2508,153020,[4]
2509,153100,[4]
2510,153186,[4]
2511,153272,[4]
2512,153366,[4]
2513,153492,[4]
2514,153554,[4]
2515,153644,[4]
2516,153728,[4]
2517,153800,[4]
2518,153860,[4]
2519,153924,[4]
2520,153984,[4]
2521,154126,[4]
2522,154236,[4]
2523,154310,[4]
2524,154370,[4]
2525,154510,[4]
2526,154584,[4]
2527,154666,[4]
2528,154750,[4]
2529,154884,[4]
2530,154954,[4]
2531,155024,[4]
2532,155102,[4]
2533,155174,[4]
2534,155236,[4]
2535,155310,[4]
2536,155396,[4]
2537,155492,[4]
2538,155594,[4]
2539,155710,[4]
2540,155806,[4]
2541,155908,[4]
2542,155988,[4]
2543,156096,[4]
2544,156194,[4]
2545,156286,[4]
2546,156364,[4]
2547,156440,[4]
2548,156556,[4]
2549,156618,[4]
2550,156696,[4]
2551,156778,[4]
2552,156888,[4]
2553,156958,[4]
2554,157084,[4]
2555,157150,[4]
2556,157230,[4]
2557,157304,[4]
2558,157432,[4]
2559,157510,[4]
2560,157602,[4]
2561,157688,[4]
2562,157754,[4]
2563,157848,[4]
2564,157924,[4]
2565,157994,[4]
2566,158090,[4]
2567,158178,[4]
2568,158264,[4]
2569,158362,[4]
2570,158442,[4]
2571,158512,[4]
2572,158584,[4]
2573,158676,[4]
2574,158732,[4]
2575,158810,[4]
2576,158970,[4]
2577,159070,[4]
2578,159142,[4]
2579,159224,[4]
2580,159298,[4]
2581,159392,[4]
2582,159498,[4]
2583,159578,[4]
2584,159672,[4]
2585,159756,[4]
2586,159820,[4]
2587,159932,[4]
2588,159998,[4]
2589,160066,[4]
2590,160124,[4]
2591,160204,[4]
2592,160278,[4]
2593,160422,[4]
2594,160492,[4]
2595,160574,[4]
2596,160672,[4]
2597,160734,[4]
2598,160802,[4]
2599,160880,[4]
2600,160976,[4]
2601,161050,[4]
2602,161154,[4]
2603,161244,[4]
2604,161328,[4]
2605,161416,[4]
2606,161510,[4]
2607,161616,[4]
2608,161690,[4]
2609,161760,[4]
2610,161854,[4]
2611,161942,[4]
2612,162010,[4]
2613,162074,[4]
2614,162168,[4]
2615,162234,[4]
2616,162356,[4]
2617,162492,[4]
2618,162566,[4]
2619,162622,[4]
2620,162748,[4]
2621,162832,[4]
2622,162910,[4]
2623,163006,[4]
2624,163112,[4]
2625,163190,[4]
2626,163282,[4]
2627,163378,[4]
2628,163462,[4]
2629,163542,[4]
2630,163624,[4]
2631,163700,[4]
2632,163780,[4]
2633,163854,[4]
2634,163938,[4]
2635,164058,[4]
2636,164124,[4]
2637,164186,[4]
2638,164244,[4]
2639,164318,[4]
2640,164386,[4]
2641,164472,[4]
2642,164538,[4]
2643,164608,[4]
2644,164684,[4]
2645,164758,[4]
2646,164822,[4]
2647,164892,[4]
2648,164982,[4]
2649,165056,[4]
2650,165136,[]
2651,165174,[]
2652,165222,[]
2653,165284,[]
2654,165348,[]
2655,165424,[]
2656,165506,[]
2657,165592,[]
2658,165636,[]
2659,165686,[]
2660,165736,[]
2661,165796,[]
2662,165864,[]
2663,165890,[]
2664,165936,[]
2665,165988,[7]
2666,166046,[6]
2667,166100,[6]
2668,166164,[6]
2669,166218,[6]
2670,166282,[6]
2671,166346,[6]
2672,166410,[]
2673,166460,[5]
2674,166544,[5]
2675,166622,[5]
2676,166694,[8]
2677,166762,[]
2678,166814,[6]
2679,166884,[7]
2680,166938,[]
2681,166976,[5]
2682,167082,[5]
2683,167142,[6]
2684,167218,[6]
2685,167282,[6]
2686,167348,[6]
2687,167414,[6]
2688,167480,[6]
2689,167548,[6]
2690,167614,[6]
2691,167678,[6]
2692,167740,[6]
2693,167804,[6]
2694,167866,[6]
2695,167918,[6]
2696,167984,[6]
2697,168044,[6]
2698,168098,[]
2699,168154,[]
2700,168208,[]
2701,168260,[]
2702,168310,[]
2703,168370,[]
2704,168436,[]
2705,168484,[]
2706,168528,[]
2707,168574,[]
2708,168628,[]
2709,168672,[]
2710,168714,[]
2711,168762,[]
2712,168814,[]
2713,168874,[6]
2714,168934,[6]
2715,169012,[4]
2716,169060,[4]
2717,169126,[7]
2718,169206,[]
2719,169254,[4]
2720,169304,[5]
2721,169376,[5]
2722,169458,[5]
2723,169520,[6]
2724,169582,[6]
2725,169650,[6]
2726,169706,[6]
2727,169764,[6]
2728,169820,[4]
2729,169892,[5]
2730,169974,[4]
2731,170038,[6]
2732,170120,[6]
2733,170202,[6]
2734,170272,[6]
2735,170358,[6]
2736,170454,[6]
2737,170538,[6]
2738,170624,[5]
2739,170706,[5]
2740,170764,[5]
2741,170820,[5]
2742,170906,[]
2743,170926,[5]
2744,170998,[5]
2745,171074,[7]
2746,171152,[4]
2747,171228,[6]
2748,171310,[0]
2749,171374,[0]
2750,171446,[]
2751,171484,[]
2752,171536,[]
2753,171566,[6]
2754,171628,[6]
2755,171696,[]
2756,171774,[]
2757,171850,[]
2758,171898,[]
2759,171988,[]
2760,172042,[]
2761,172138,[]
2762,172208,[4]
2763,172278,[4]
2764,172344,[6]
2765,172416,[6]
2766,172482,[5]
2767,172542,[5]
2768,172602,[5]
2769,172678,[6]
2770,172746,[6]
2771,172800,[6]
2772,172848,[6]
2773,172892,[6]
2774,172942,[6]
2775,172994,[6]
2776,173054,[6]
2777,173132,[6]
2778,173190,[6]
2779,173220,[]
2780,173256,[4]
2781,173330,[8]
2782,173390,[]
2783,173452,[5]
2784,173522,[5]
2785,173584,[5]
2786,173662,[5]
2787,173728,[5]
2788,173806,[5]
2789,173876,[4]
2790,173940,[5]
2791,174022,[5]
2792,174082,[]
2793,174120,[]
2794,174158,[]
2795,174202,[]
2796,174244,[8]
2797,174316,[4]
2798,174380,[]
2799,174428,[]
2800,174458,[]
2801,174520,[]
2802,174582,[]
2803,174644,[]
2804,174700,[]
2805,174772,[]
2806,174820,[]
2807,174884,[]
2808,174912,[]
2809,174976,[]
2810,175032,[]
2811,175074,[8]
2812,175138,[]
2813,175196,[6]
2814,175252,[5]
2815,175298,[8]
2816,175360,[]
2817,175386,[6]
2818,175458,[6]
2819,175532,[6]
2820,175606,[6]
2821,175668,[2]
2822,175732,[5]
2823,175778,[5]
2824,175842,[6]
2825,175886,[7]
2826,175930,[7]
2827,175976,[5]
2828,176040,[8]
2829,176082,[6]
2830,176166,[6]
2831,176236,[6]
2832,176316,[6]
2833,176390,[]
2834,176444,[6]
2835,176510,[5]
2836,176566,[6]
2837,176644,[6]
2838,176720,[5]
2839,176802,[6]
2840,176880,[2]
2841,176928,[]
2842,176984,[]
2843,177036,[]
2844,177078,[]
2845,177126,[]
2846,177174,[]
2847,177220,[]
2848,177274,[]
2849,177312,[7]
2850,177356,[4]
2851,177434,[4]
2852,177490,[6]
2853,177544,[6]
2854,177604,[]
2855,177686,[]
2856,177752,[]
2857,177818,[]
2858,177860,[]
2859,177930,[8]
2860,177978,[]
2861,178032,[4]
2862,178092,[8]
2863,178144,[8]
2864,178192,[8]
2865,178258,[5]
2866,178318,[8]
2867,178384,[8]
2868,178430,[]
2869,178478,[6]
2870,178556,[7]
2871,178600,[7]
2872,178658,[6]
2873,178746,[6]
2874,178816,[6]
2875,178884,[6]
2876,178968,[6]
2877,179042,[7]
2878,179102,[8]
2879,179140,[5]
2880,179194,[8]
2881,179228,[8]
2882,179300,[5]
2883,179386,[5]
2884,179430,[7]
2885,179490,[]
2886,179528,[]
2887,179580,[5]
2888,179642,[8]
2889,179692,[8]
2890,179734,[]
2891,179766,[6]
2892,179856,[6]
2893,179940,[]
2894,179992,[4]
2895,180052,[7]
2896,180102,[7]
2897,180152,[7]
2898,180212,[6]
2899,180258,[7]
2900,180324,[6]
2901,180394,[]
2902,180462,[6]
2903,180524,[7]
2904,180580,[6]
2905,180652,[8]
2906,180708,[5]
2907,180752,[5]
2908,180842,[6]
2909,180944,[]
2910,180992,[6]
2911,181060,[6]
2912,181128,[]
2913,181196,[]
2914,181284,[]
2915,181336,[]
2916,181388,[]
2917,181430,[]
2918,181494,[]
2919,181554,[6]
2920,181598,[6]
2921,181638,[8]
2922,181698,[]
2923,181756,[]
2924,181800,[]
2925,181860,[6]
2926,181920,[6]
2927,181970,[5]
2928,182072,[7]
2929,182132,[6]
2930,182186,[6]
2931,182244,[6]
2932,182320,[6]
2933,182390,[5]
2934,182458,[6]
2935,182540,[6]
2936,182614,[6]
2937,182696,[6]
2938,182772,[5]
2939,182842,[5]
2940,182932,[6]
2941,183018,[5]
2942,183112,[7]
2943,183196,[7]
2944,183254,[6]
2945,183294,[6]
2946,183366,[7]
2947,183462,[7]
2948,183534,[6]
2949,183614,[6]
2950,183674,[7]
2951,183722,[6]
2952,183778,[5]
2953,183870,[6]
2954,183970,[6]
2955,184002,[6]
2956,184068,[6]
2957,184136,[7]
2958,184198,[6]
2959,184266,[6]
2960,184350,[6]
2961,184452,[6]
2962,184508,[7]
2963,184598,[7]
2964,184690,[7]
2965,184806,[5]
2966,184852,[6]
2967,184950,[6]
2968,185036,[6]
2969,185084,[6]
2970,185134,[]
2971,185198,[]
2972,185248,[5]
2973,185320,[]
2974,185404,[]
2975,185510,[]
2976,185584,[6]
2977,185682,[6]
2978,185780,[6]
2979,185898,[6]
2980,186002,[6]
2981,186100,[6]
2982,186206,[6]
2983,186262,[6]
2984,186318,[6]
2985,186384,[6]
2986,186452,[]
2987,186500,[]
2988,186542,[]
2989,186580,[]
2990,186642,[7]
2991,186744,[6]
2992,186820,[]
2993,186870,[5]
2994,186946,[5]
2995,187018,[5]
2996,187106,[5]
2997,187208,[6]
2998,187278,[6]
2999,187384,[6]
3000,187474,[7]
3001,187568,[5]
3002,187646,[5]
3003,187744,[5]
3004,187810,[]
3005,187848,[]
3006,187924,[7]
3007,187994,[7]
3008,188064,[]
3009,188120,[5]
3010,188198,[5]
3011,188268,[5]
3012,188356,[]
3013,188476,[5]
3014,188600,[5]
3015,188736,[5]
3016,188806,[5]
3017,188880,[5]
3018,188950,[]
3019,189040,[]
3020,189130,[]
3021,189174,[]
3022,189218,[7]
3023,189306,[]
3024,189362,[6]
3025,189462,[5]
3026,189552,[5]
3027,189628,[5]
3028,189670,[5]
3029,189738,[]
3030,189830,[]
3031,189940,[]
3032,190014,[]
3033,190086,[]
3034,190182,[]
3035,190276,[]
3036,190312,[6]
3037,190368,[5]
3038,190442,[]
3039,190504,[6]
3040,190572,[6]
3041,190652,[6]
3042,190756,[6]
3043,190878,[6]
3044,190974,[6]
3045,191030,[6]
3046,191092,[6]
3047,191146,[6]
3048,191200,[6]
3049,191264,[6]
3050,191370,[]
3051,191408,[]
3052,191476,[7]
3053,191516,[5]
3054,191576,[5]
3055,191652,[]
3056,191690,[]
3057,191782,[]
3058,191838,[]
3059,191900,[]
3060,191968,[]
3061,192018,[]
3062,192068,[]
3063,192122,[]
3064,192178,[]
3065,192234,[]
3066,192300,[]
3067,192358,[]
3068,192414,[]
3069,192496,[]
3070,192570,[]
3071,192636,[]
3072,192700,[]
3073,192760,[]
3074,192812,[]
3075,192860,[7]
3076,192940,[7]
3077,193018,[7]
3078,193074,[]
3079,193138,[6]
3080,193182,[6]
3081,193256,[]
3082,193294,[6]
3083,193350,[6]
3084,193424,[6]
3085,193482,[6]
3086,193556,[6]
3087,193600,[6]
3088,193662,[7]
3089,193706,[7]
3090,193766,[7]
3091,193836,[7]
3092,193904,[7]
3093,193998,[7]
3094,194064,[7]
3095,194136,[]
3096,194192,[6]
3097,194252,[6]
3098,194292,[8]
3099,194350,[]
3100,194404,[]
3101,194450,[]
3102,194500,[]
3103,194548,[]
3104,194610,[]
3105,194658,[]
3106,194722,[]
3107,194796,[]
3108,194846,[]
3109,194886,[7]
3110,194940,[]
3111,195034,[7]
3112,195088,[]
3113,195118,[]
3114,195156,[]
3115,195230,[]
3116,195274,[]
3117,195318,[]
3118,195378,[]
3119,195444,[]
3120,195510,[]
3121,195582,[]
3122,195630,[]
3123,195712,[]
3124,195786,[]
3125,195856,[]
3126,195882,[]
3127,195918,[5]
3128,196002,[5]
3129,196090,[5]
3130,196194,[5]
3131,196276,[]
3132,196350,[]
3133,196402,[]
3134,196456,[]
3135,196504,[]
3136,196562,[]
3137,196614,[]
3138,196666,[]
3139,196712,[]
3140,196764,[]
3141,196824,[]
3142,196898,[]
3143,196962,[]
3144,197030,[]
3145,197108,[]
3146,197212,[]
3147,197252,[]
3148,197292,[]
3149,197350,[]
3150,197378,[]
3151,197440,[]
3152,197470,[]
3153,197506,[]
3154,197552,[]
3155,197602,[]
3156,197674,[]
3157,197738,[]
3158,197770,[]
3159,197816,[]
3160,197842,[]
3161,197916,[]
3162,198006,[]
3163,198082,[]
3164,198154,[]
3165,198218,[]
3166,198282,[]
3167,198348,[]
3168,198390,[]
3169,198436,[]
3170,198478,[]
3171,198526,[]
3172,198572,[]
3173,198596,[]
3174,198636,[]
3175,198724,[]
3176,198762,[]
3177,198826,[7]
3178,198898,[6]
3179,198962,[8]
3180,199036,[]
3181,199080,[7]
3182,199148,[]
3183,199206,[8]
3184,199290,[6]
3185,199344,[6]
3186,199406,[6]
3187,199510,[7]
3188,199574,[5]
3189,199684,[6]
3190,199746,[6]
3191,199802,[]
3192,199840,[]
3193,199898,[]
3194,199930,[]
3195,199990,[]
3196,200056,[]
3197,200134,[]
3198,200196,[]
3199,200256,[]
3200,200322,[]
3201,200388,[]
3202,200446,[]
3203,200530,[]
3204,200578,[]
3205,200658,[]
3206,200728,[]
3207,200774,[]
3208,200846,[]
3209,200918,[]
3210,200968,[]
3211,201032,[]
3212,201086,[]
3213,201154,[]
3214,201200,[]
3215,201264,[]
3216,201344,[]
3217,201400,[]
3218,201460,[]
3219,201518,[]
3220,201576,[]
3221,201632,[]
3222,201688,[]
3223,201754,[]
3224,201818,[]
3225,201876,[]
3226,201948,[]
3227,202000,[]
3228,202042,[]
3229,202126,[]
3230,202194,[]
3231,202282,[]
3232,202384,[]
3233,202472,[]
3234,202502,[]
3235,202560,[]
3236,202644,[]
3237,202746,[]
3238,202792,[]
3239,202892,[]
3240,202982,[]
3241,203082,[]
3242,203154,[]
3243,203222,[]
3244,203292,[]
3245,203364,[]
3246,203434,[]
3247,203500,[]
3248,203582,[]
3249,203652,[]
3250,203722,[]
3251,203792,[]
3252,203874,[]
3253,203944,[]
3254,204026,[]
3255,204082,[5]
3256,204166,[5]
3257,204236,[5]
3258,204306,[5]
3259,204394,[7]
3260,204488,[7]
3261,204552,[5]
3262,204632,[6]
3263,204696,[]
3264,204742,[]
3265,204784,[6]
3266,204876,[7]
3267,204974,[6]
3268,205040,[7]
3269,205096,[]
3270,205142,[]
3271,205178,[]
3272,205226,[]
3273,205276,[]
3274,205320,[]
3275,205368,[6]
3276,205450,[7]
3277,205538,[]
3278,205610,[6]
3279,205676,[]
3280,205728,[]
3281,205776,[5]
3282,205818,[5]
3283,205876,[5]
3284,205920,[5]
3285,205994,[5]
3286,206052,[5]
3287,206120,[]
3288,206174,[]
3289,206244,[7]
3290,206316,[6]
3291,206408,[6]
3292,206488,[6]
3293,206560,[]
3294,206620,[6]
3295,206704,[6]
3296,206792,[6]
3297,206880,[]
3298,206922,[]
3299,206988,[]
3300,207042,[]
3301,207110,[]
3302,207166,[]
3303,207222,[]
3304,207272,[7]
3305,207330,[]
3306,207372,[]
3307,207426,[]
3308,207488,[]
3309,207518,[]
3310,207546,[7]
3311,207626,[]
3312,207668,[6]
3313,207714,[]
3314,207762,[]
3315,207838,[]
3316,207904,[]
3317,207924,[]
3318,207990,[]
3319,208060,[]
3320,208112,[]
3321,208152,[]
3322,208186,[]
3323,208220,[]
3324,208268,[]
3325,208338,[]
3326,208362,[]
3327,208402,[]
3328,208458,[]
3329,208506,[]
3330,208562,[]
3331,208600,[]
3332,208646,[]
3333,208700,[]
3334,208738,[]
3335,208788,[]
3336,208838,[]
3337,208882,[6]
3338,208924,[6]
3339,208990,[6]
3340,209078,[6]
3341,209176,[6]
3342,209254,[6]
3343,209334,[6]
3344,209388,[6]
3345,209458,[6]
3346,209516,[]
3347,209574,[]
3348,209638,[7]
3349,209678,[6]
3350,209758,[7]
3351,209834,[]
3352,209892,[6]
3353,209984,[6]
3354,210048,[6]
3355,210128,[7]
3356,210182,[]
3357,210246,[7]
3358,210320,[6]
3359,210376,[6]
3360,210442,[]
3361,210486,[]
3362,210554,[6]
3363,210638,[6]
3364,210686,[6]
3365,210744,[]
3366,210788,[7]
3367,210836,[5]
3368,210880,[5]
3369,210934,[5]
3370,210978,[]
3371,211030,[]
3372,211070,[]
3373,211116,[6]
3374,211172,[7]
3375,211252,[10]
3376,211296,[11]
3377,211340,[12]
3378,211394,[13]
3379,211446,[14]
3380,211492,[15]
3381,211554,[16]
3382,211616,[17]
3383,211688,[18]
3384,211758,[19]
3385,211822,[]
3386,211886,[]
3387,211962,[]
3388,212006,[]
3389,212046,[6]
3390,212106,[]
3391,212148,[5]
3392,212224,[6]
3393,212314,[]
3394,212354,[6]
3395,212430,[5]
3396,212488,[5]
3397,212558,[6]
3398,212640,[5]
3399,212678,[6]
3400,212752,[]
3401,212820,[]
3402,212874,[]
3403,212930,[6]
3404,213012,[6]
3405,213068,[6]
3406,213134,[7]
3407,213180,[6]
3408,213232,[6]
3409,213300,[5]
3410,213380,[5]
3411,213462,[]
3412,213502,[]
3413,213570,[]
3414,213636,[6]
3415,213678,[]
3416,213758,[]
3417,213808,[]
3418,213874,[]
3419,213950,[]
3420,213996,[]
3421,214066,[]
3422,214118,[6]
3423,214210,[6]
3424,214300,[7]
3425,214390,[]
3426,214440,[]
3427,214492,[]
3428,214558,[]
3429,214644,[]
3430,214730,[]
3431,214776,[]
3432,214834,[]
3433,214904,[]
3434,214956,[]
3435,215028,[]
3436,215112,[]
3437,215176,[]
3438,215266,[]
3439,215334,[]
3440,215422,[]
3441,215484,[]
3442,215532,[]
3443,215590,[]
3444,215650,[]
3445,215722,[]
3446,215774,[]
3447,215834,[]
3448,215896,[]
3449,215972,[]
3450,216058,[]
3451,216094,[5]
3452,216150,[6]
3453,216192,[5]
3454,216256,[5]
3455,216326,[]
3456,216388,[5]
3457,216466,[5]
3458,216544,[]
3459,216612,[]
3460,216674,[]
3461,216738,[]
3462,216780,[]
3463,216808,[6]
3464,216864,[6]
3465,216946,[5]
3466,217002,[5]
3467,217068,[]
3468,217156,[]
3469,217210,[]
3470,217252,[]
3471,217294,[]
3472,217366,[]
3473,217430,[]
3474,217488,[]
3475,217544,[7]
3476,217618,[]
3477,217670,[]
3478,217736,[]
3479,217790,[7]
3480,217856,[7]
3481,217924,[7]
3482,217988,[7]
3483,218088,[]
3484,218136,[2]
3485,218200,[2]
3486,218266,[7]
3487,218318,[7]
3488,218376,[7]
3489,218462,[7]
3490,218540,[7]
3491,218592,[7]
3492,218656,[]
3493,218708,[]
3494,218766,[]
3495,218832,[]
3496,218894,[]
3497,218958,[]
3498,219024,[]
3499,219088,[]
3500,219154,[]
3501,219218,[]
3502,219268,[]
3503,219336,[]
3504,219412,[]
3505,219514,[]
3506,219580,[]
3507,219652,[]
3508,219696,[]
3509,219762,[]
3510,219842,[]
3511,219918,[]
3512,219986,[]
3513,220064,[]
3514,220122,[]
3515,220180,[5]
3516,220254,[6]
3517,220334,[5]
3518,220410,[7]
3519,220474,[7]
3520,220540,[]
3521,220608,[]
3522,220682,[]
3523,220764,[]
3524,220836,[]
3525,220886,[]
3526,220954,[]
3527,221032,[]
3528,221096,[]
3529,221166,[]
3530,221232,[]
3531,221310,[]
3532,221386,[]
3533,221446,[]
3534,221506,[]
3535,221564,[]
3536,221656,[]
3537,221730,[]
3538,221806,[]
3539,221866,[]
3540,221906,[]
3541,221986,[]
3542,222060,[]
3543,222134,[]
3544,222204,[]
3545,222250,[]
3546,222312,[]
3547,222388,[]
3548,222444,[]
3549,222518,[]
3550,222580,[]
3551,222644,[]
3552,222692,[]
3553,222736,[]
3554,222784,[]
3555,222832,[5]
3556,222876,[6]
3557,222948,[7]
3558,223020,[]
3559,223116,[]
3560,223198,[]
3561,223262,[]
3562,223320,[]
3563,223390,[]
3564,223470,[]
3565,223518,[]
3566,223590,[]
3567,223670,[]
3568,223752,[]
3569,223828,[]
3570,223908,[]
3571,223980,[]
3572,224046,[]
3573,224116,[]
3574,224218,[]
3575,224312,[]
3576,224412,[]
3577,224498,[]
3578,224594,[]
3579,224686,[]
3580,224796,[]
3581,224890,[]
3582,224994,[]
3583,225064,[]
3584,225138,[]
3585,225208,[]
3586,225296,[]
3587,225386,[]
3588,225476,[]
3589,225570,[]
3590,225632,[]
3591,225716,[]
3592,225814,[]
3593,225898,[]
3594,225978,[]
3595,226074,[]
3596,226182,[]
3597,226280,[]
3598,226366,[]
3599,226450,[]
3600,226532,[]
3601,226616,[]
3602,226726,[]
3603,226840,[]
3604,226918,[]
3605,227012,[]
3606,227088,[]
3607,227176,[]
3608,227234,[]
3609,227276,[]
3610,227344,[]
3611,227432,[]
3612,227508,[]
3613,227584,[]
3614,227640,[]
3615,227722,[]
3616,227790,[]
3617,227842,[]
3618,227886,[]
3619,227936,[]
3620,227982,[]
3621,228030,[]
3622,228102,[]
3623,228172,[]
3624,228246,[]
3625,228298,[]
3626,228374,[]
3627,228466,[]
3628,228566,[]
3629,228614,[]
3630,228680,[]
3631,228774,[]
3632,228860,[]
3633,228924,[]
3634,228994,[]
3635,229078,[]
3636,229156,[]
3637,229246,[]
3638,229322,[]
3639,229396,[]
3640,229480,[]
3641,229560,[]
3642,229636,[]
3643,229724,[]
3644,229788,[]
3645,229834,[]
3646,229902,[]
3647,229966,[]
3648,230028,[]
3649,230104,[]
3650,230170,[]
3651,230238,[]
3652,230304,[]
3653,230368,[]
3654,230436,[]
3655,230502,[]
3656,230564,[]
3657,230638,[]
3658,230716,[]
3659,230776,[]
3660,230846,[]
3661,230906,[]
3662,230978,[]
3663,231012,[5]
3664,231072,[5]
3665,231142,[5]
3666,231216,[6]
3667,231252,[6]
3668,231288,[6]
3669,231340,[7]
3670,231392,[7]
3671,231442,[6]
3672,231498,[6]
3673,231574,[6]
3674,231628,[6]
3675,231674,[]
3676,231722,[]
3677,231780,[]
3678,231830,[6]
3679,231890,[6]
3680,231954,[6]
3681,232030,[]
3682,232068,[]
3683,232130,[]
3684,232184,[]
3685,232216,[]
3686,232288,[]
3687,232380,[6]
3688,232456,[6]
3689,232548,[6]
3690,232646,[6]
3691,232726,[6]
3692,232806,[6]
3693,232902,[6]
3694,232998,[5]
3695,233068,[8]
3696,233142,[8]
3697,233192,[8]
3698,233242,[8]
3699,233302,[5]
3700,233362,[5]
3701,233422,[5]
3702,233492,[5]
3703,233558,[]
3704,233614,[]
3705,233674,[]
3706,233734,[]
3707,233800,[]
3708,233876,[]
3709,233936,[]
3710,233992,[]
3711,234052,[]
3712,234116,[]
3713,234174,[7]
3714,234218,[]
3715,234252,[]
3716,234282,[7]
3717,234328,[7]
3718,234376,[7]
3719,234414,[6]
3720,234464,[6]
3721,234514,[]
3722,234576,[]
3723,234644,[]
3724,234686,[7]
3725,234778,[5]
3726,234844,[]
3727,234884,[8]
3728,234984,[8]
3729,235070,[5]
3730,235122,[]
3731,235212,[]
3732,235306,[]
3733,235400,[]
3734,235490,[]
3735,235616,[6]
3736,235718,[6]
3737,235800,[7]
3738,235846,[7]
3739,235880,[7]
3740,235934,[6]
3741,235988,[5]
3742,236050,[6]
3743,236134,[6]
3744,236192,[6]
3745,236246,[6]
3746,236298,[6]
3747,236346,[]
3748,236396,[7]
3749,236436,[6]
3750,236522,[5]
3751,236590,[5]
3752,236656,[5]
3753,236754,[5]
3754,236866,[6]
3755,236974,[5]
3756,237060,[5]
3757,237136,[6]
3758,237240,[6]
3759,237320,[6]
3760,237370,[5]
3761,237450,[]
3762,237494,[7]
3763,237550,[7]
3764,237594,[7]
3765,237668,[7]
3766,237756,[6]
3767,237856,[6]
3768,237958,[6]
3769,238056,[6]
3770,238152,[6]
3771,238242,[6]
3772,238326,[6]
3773,238428,[6]
3774,238502,[8]
3775,238554,[5]
3776,238588,[]
3777,238692,[]
3778,238746,[7]
3779,238814,[5]
3780,238882,[5]
3781,238952,[5]
3782,239026,[5]
3783,239098,[5]
3784,239172,[7]
3785,239238,[5]
3786,239278,[]
3787,239314,[6]
3788,239348,[7]
3789,239404,[5]
3790,239480,[5]
3791,239568,[8]
3792,239662,[]
3793,239706,[]
3794,239782,[]
3795,239858,[8]
3796,239920,[]
3797,239996,[]
3798,240072,[]
3799,240132,[]
3800,240196,[]
3801,240272,[]
3802,240348,[]
3803,240430,[]
3804,240496,[]
3805,240550,[]
3806,240614,[]
3807,240684,[]
3808,240752,[]
3809,240816,[]
3810,240884,[]
3811,240952,[]
3812,241032,[]
3813,241098,[]
3814,241152,[]
3815,241218,[]
3816,241294,[]
3817,241360,[]
3818,241448,[]
3819,241520,[]
3820,241584,[]
3821,241668,[]
3822,241754,[]
3823,241850,[]
3824,241938,[]
3825,242030,[]
3826,242086,[]
3827,242174,[]
3828,242238,[]
3829,242292,[]
3830,242354,[]
3831,242420,[]
3832,242474,[]
3833,242540,[]
3834,242606,[]
3835,242704,[]
3836,242798,[]
3837,242868,[]
3838,242934,[]
3839,243014,[]
3840,243088,[]
3841,243152,[]
3842,243224,[]
3843,243296,[]
3844,243362,[]
3845,243424,[]
3846,243512,[]
3847,243592,[]
3848,243668,[]
3849,243754,[]
3850,243810,[]
3851,243874,[]
3852,243954,[]
3853,244044,[]
3854,244140,[]
3855,244206,[]
3856,244272,[]
3857,244336,[]
3858,244396,[]
3859,244476,[]
3860,244552,[]
3861,244632,[]
3862,244692,[]
3863,244798,[]
3864,244862,[]
3865,244946,[]
3866,245026,[]
3867,245084,[]
3868,245162,[]
3869,245228,[]
3870,245296,[]
3871,245370,[]
3872,245434,[]
3873,245504,[]
3874,245590,[]
3875,245674,[]
3876,245746,[]
3877,245820,[]
3878,245876,[]
3879,245938,[]
3880,245992,[]
3881,246054,[]
3882,246130,[]
3883,246194,[]
3884,246256,[]
3885,246320,[]
3886,246388,[]
3887,246414,[]
3888,246472,[]
3889,246544,[]
3890,246628,[]
3891,246694,[]
3892,246754,[]
3893,246844,[]
3894,246932,[]
3895,247014,[]
3896,247082,[]
3897,247168,[]
3898,247246,[]
3899,247328,[]
3900,247388,[]
3901,247458,[]
3902,247542,[]
3903,247612,[]
3904,247682,[]
3905,247762,[]
3906,247832,[]
3907,247902,[]
3908,247962,[6]
3909,248042,[5]
3910,248092,[5]
3911,248152,[7]
3912,248210,[5]
3913,248260,[5]
3914,248330,[1]
3915,248370,[1]
3916,248410,[2]
3917,248464,[2]
3918,248518,[5]
3919,248570,[7]
3920,248614,[5]
3921,248666,[5]
3922,248718,[5]
3923,248770,[5]
3924,248822,[5]
3925,248874,[5]
3926,248926,[7]
3927,249030,[0]
3928,249104,[0]
3929,249200,[0]
3930,249278,[0]
3931,249332,[0]
3932,249386,[0]
3933,249450,[0]
3934,249512,[0]
3935,249568,[0]
3936,249654,[0]
3937,249740,[0]
3938,249836,[0]
3939,249930,[0]
3940,250018,[0]
3941,250126,[0]
3942,250234,[0]
3943,250352,[0]
3944,250468,[0]
3945,250578,[0]
3946,250668,[0]
3947,250758,[0]
3948,250858,[0]
3949,250956,[0]
3950,251048,[]
3951,251074,[]
3952,251114,[0]
3953,251182,[0]
3954,251254,[0]
3955,251322,[0]
3956,251392,[0]
3957,251458,[0]
3958,251526,[0]
3959,251596,[0]
3960,251666,[0]
3961,251740,[0]
3962,251810,[0]
3963,251878,[0]
3964,251950,[0]
3965,252018,[0]
3966,252088,[0]
3967,252160,[0]
3968,252220,[0]
3969,252284,[0]
3970,252344,[0]
3971,252406,[0]
3972,252464,[0]
3973,252524,[0]
3974,252586,[0]
3975,252646,[0]
3976,252710,[0]
3977,252770,[0]
3978,252828,[0]
3979,252890,[0]
3980,252948,[0]
3981,253008,[0]
3982,253070,[0]
3983,253144,[0]
3984,253232,[0]
3985,253296,[0]
3986,253364,[1]
3987,253422,[1]
3988,253480,[1]
3989,253538,[1]
3990,253608,[1]
3991,253678,[1]
3992,253748,[2]
3993,253802,[2]
3994,253868,[0]
3995,253962,[0]
3996,254016,[0]
3997,254066,[0]
3998,254118,[0]
3999,254170,[0]
4000,254232,[0]
4001,254292,[0]
4002,254346,[0]
4003,254388,[0]
4004,254430,[0]
4005,254482,[0]
4006,254532,[0]
4007,254576,[0]
4008,254636,[0]
4009,254678,[0]
4010,254728,[7]
4011,254790,[8]
4012,254880,[1]
4013,254950,[1]
4014,255046,[1]
4015,255124,[1]
4016,255188,[1]
4017,255288,[1]
4018,255374,[1]
4019,255446,[1]
4020,255574,[1]
4021,255648,[1]
4022,255734,[1]
4023,255794,[1]
4024,255868,[1]
4025,255942,[1]
4026,256072,[1]
4027,256164,[1]
4028,256252,[1]
4029,256366,[1]
4030,256466,[1]
4031,256552,[1]
4032,256630,[8]
4033,256688,[8]
4034,256746,[8]
4035,256814,[0]
4036,256886,[7]
4037,256950,[7]
4038,257016,[7]
4039,257088,[5]
4040,257140,[5]
4041,257194,[6]
4042,257266,[6]
4043,257334,[4]
4044,257400,[4]
4045,257462,[4]
4046,257542,[]
4047,257576,[]
4048,257620,[]
4049,257642,[]
4050,257662,[]
4051,257720,[]
4052,257802,[2]
4053,257870,[2]
4054,257930,[2]
4055,257992,[2]
4056,258052,[2]
4057,258116,[2]
4058,258178,[7]
4059,258236,[6]
4060,258302,[]
4061,258352,[2]
4062,258454,[2]
4063,258536,[2]
4064,258630,[2]
4065,258710,[2]
4066,258792,[2]
4067,258898,[2]
4068,258976,[2]
4069,259092,[2]
4070,259190,[2]
4071,259306,[2]
4072,259432,[2]
4073,259520,[2]
4074,259582,[2]
4075,259650,[2]
4076,259718,[2]
4077,259798,[2]
4078,259880,[2]
4079,259954,[2]
4080,260028,[2]
4081,260122,[2]
4082,260206,[2]
4083,260294,[2]
4084,260374,[2]
4085,260432,[2]
4086,260494,[2]
4087,260560,[2]
4088,260634,[2]
4089,260734,[2]
4090,260828,[2]
4091,260898,[2]
4092,261004,[2]
4093,261108,[2]
4094,261186,[2]
4095,261270,[2]
4096,261352,[2]
4097,261456,[2]
4098,261544,[2]
4099,261636,[2]
4100,261696,[2]
4101,261758,[2]
4102,261826,[2]
4103,261886,[2]
4104,261954,[2]
4105,262020,[2]
4106,262090,[2]
4107,262178,[2]
4108,262244,[2]
4109,262340,[2]
4110,262396,[2]
4111,262500,[2]
4112,262554,[2]
4113,262612,[2]
4114,262668,[7]
4115,262750,[7]
4116,262806,[7]
4117,262884,[7]
4118,262954,[7]
4119,263012,[6]
4120,263104,[7]
4121,263160,[]
4122,263230,[]
4123,263300,[]
4124,263374,[]
4125,263444,[]
4126,263514,[]
4127,263592,[2]
4128,263662,[2]
4129,263728,[2]
4130,263812,[2]
4131,263872,[2]
4132,263934,[2]
4133,264004,[2]
4134,264076,[2]
4135,264126,[2]
4136,264192,[2]
4137,264256,[2]
4138,264314,[2]
4139,264392,[2]
4140,264446,[2]
4141,264504,[2]
4142,264562,[2]
4143,264612,[2]
4144,264686,[2]
4145,264762,[2]
4146,264840,[2]
4147,264920,[2]
4148,264970,[2]
4149,265024,[2]
4150,265078,[2]
4151,265128,[2]
4152,265200,[2]
4153,265250,[2]
4154,265308,[2]
4155,265360,[2]
4156,265412,[2]
4157,265468,[2]
4158,265526,[2]
4159,265584,[2]
4160,265652,[2]
4161,265718,[2]
4162,265784,[2]
4163,265854,[2]
4164,265924,[2]
4165,266004,[6]
4166,266086,[6]
4167,266166,[6]
4168,266248,[6]
4169,266326,[6]
4170,266386,[8]
4171,266428,[7]
4172,266506,[2]
4173,266574,[2]
4174,266640,[2]
4175,266692,[2]
4176,266736,[2]
4177,266808,[2]
4178,266860,[2]
4179,266910,[2]
4180,266952,[2]
4181,267020,[6]
4182,267086,[6]
4183,267146,[6]
4184,267212,[6]
4185,267280,[6]
4186,267336,[2]
4187,267400,[2]
4188,267474,[7]
4189,267550,[6]
4190,267638,[6]
4191,267710,[5]
4192,267780,[5]
4193,267864,[6]
4194,267980,[7]
4195,268038,[6]
4196,268130,[8]
4197,268160,[5]
4198,268218,[6]
4199,268318,[6]
4200,268414,[2]
4201,268494,[2]
4202,268552,[2]
4203,268652,[2]
4204,268734,[2]
4205,268826,[2]
4206,268914,[2]
4207,268988,[2]
4208,269088,[2]
4209,269184,[2]
4210,269280,[2]
4211,269346,[2]
4212,269426,[2]
4213,269520,[2]
4214,269594,[2]
4215,269672,[2]
4216,269770,[2]
4217,269848,[2]
4218,269916,[2]
4219,269980,[2]
4220,270056,[2]
4221,270128,[2]
4222,270186,[2]
4223,270268,[2]
4224,270340,[2]
4225,270394,[2]
4226,270478,[2]
4227,270554,[2]
4228,270620,[2]
4229,270696,[2]
4230,270784,[2]
4231,270864,[2]
4232,270914,[2]
4233,270994,[2]
4234,271078,[2]
4235,271148,[2]
4236,271212,[6]
4237,271280,[6]
4238,271348,[2]
4239,271442,[2]
4240,271534,[2]
4241,271612,[2]
4242,271670,[2]
4243,271728,[2]
4244,271784,[2]
4245,271840,[2]
4246,271894,[2]
4247,271962,[2]
4248,272026,[2]
4249,272094,[2]
4250,272184,[2]
4251,272252,[2]
4252,272302,[2]
4253,272354,[2]
4254,272412,[2]
4255,272484,[2]
4256,272536,[2]
4257,272606,[2]
4258,272676,[2]
4259,272738,[2]
4260,272800,[2]
4261,272878,[2]
4262,272940,[2]
4263,273002,[2]
4264,273062,[2]
4265,273140,[2]
4266,273242,[2]
4267,273316,[2]
4268,273372,[2]
4269,273440,[2]
4270,273504,[2]
4271,273562,[2]
4272,273664,[2]
4273,273734,[2]
4274,273810,[2]
4275,273892,[2]
4276,273960,[2]
4277,274030,[2]
4278,274094,[2]
4279,274160,[2]
4280,274222,[2]
4281,274278,[2]
4282,274358,[5]
4283,274420,[5]
4284,274482,[5]
4285,274544,[5]
4286,274638,[2]
4287,274700,[2]
4288,274752,[]
4289,274790,[2]
4290,274842,[2]
4291,274922,[2]
4292,274986,[2]
4293,275060,[1]
4294,275144,[5]
4295,275224,[5]
4296,275294,[5]
4297,275338,[]
4298,275398,[]
4299,275464,[]
4300,275522,[2]
4301,275578,[2]
4302,275638,[2]
4303,275760,[2]
4304,275868,[2]
4305,275938,[2]
4306,276022,[2]
4307,276090,[6]
4308,276162,[6]
4309,276238,[6]
4310,276312,[6]
4311,276418,[5]
4312,276508,[5]
4313,276592,[7]
4314,276662,[5]
4315,276728,[6]
4316,276830,[6]
4317,276892,[6]
4318,276978,[6]
4319,277060,[6]
4320,277162,[6]
4321,277252,[7]
4322,277336,[7]
4323,277404,[7]
4324,277492,[7]
4325,277584,[7]
4326,277652,[7]
4327,277700,[7]
4328,277762,[7]
4329,277828,[7]
4330,277894,[7]
4331,277966,[7]
4332,278040,[7]
4333,278108,[7]
4334,278170,[7]
4335,278240,[7]
4336,278310,[7]
4337,278388,[7]
4338,278440,[7]
4339,278500,[7]
4340,278560,[7]
4341,278628,[7]
4342,278682,[7]
4343,278766,[7]
4344,278820,[7]
4345,278890,[7]
4346,278948,[7]
4347,279002,[7]
4348,279062,[7]
4349,279118,[7]
4350,279174,[7]
4351,279258,[7]
4352,279326,[7]
4353,279398,[7]
4354,279458,[7]
4355,279518,[7]
4356,279562,[7]
4357,279636,[7]
4358,279708,[7]
4359,279772,[7]
4360,279858,[7]
4361,279942,[7]
4362,280010,[7]
4363,280072,[7]
4364,280156,[7]
4365,280232,[7]
4366,280324,[7]
4367,280396,[7]
4368,280492,[7]
4369,280586,[7]
4370,280666,[7]
4371,280746,[7]
4372,280836,[7]
4373,280938,[7]
4374,281004,[]
4375,281040,[]
4376,281094,[]
4377,281156,[]
4378,281228,[6]
4379,281288,[6]
4380,281376,[]
4381,281452,[]
4382,281512,[]
4383,281598,[]
4384,281670,[]
4385,281756,[6]
4386,281816,[7]
4387,281868,[6]
4388,281944,[6]
4389,282030,[6]
4390,282108,[6]
4391,282218,[6]
4392,282278,[6]
4393,282360,[6]
4394,282436,[6]
4395,282516,[6]
4396,282616,[6]
4397,282692,[6]
4398,282770,[6]
4399,282854,[6]
4400,282930,[6]
4401,283004,[]
4402,283056,[6]
4403,283108,[]
